id,name,age
f330b0e9-d929-439d-9ef9-56b82129a02d,John Doe,35
c020e7a8-bf15-4498-a9e4-3a0ccf6d3d6e,Jane Smith,42
0909829d-bc4e-46b7-a2e7-ba5fbb191688,Bob Johnson,28
3c7d3d69-c4d3-4b24-874f-7c4f7b0ec12c,Emily Davis,19
68f75db2-6767-4c24-a80e-8a69a3c5a7c7,William Thompson,47
bfa192f2-c74f-4f71-9c25-8f6b6c49ebd4,Sarah Anderson,31
6f06f0c1-105e-42ea-bd6d-3044bc38c07d,Michael Wright,23
527463a2-3d11-4d02-b07c-177c42d9f18f,Laura Baker,55
e9dd5d7b-1d4b-41c4-8c72-8c2775d28b7f,Kevin Davis,37
ce17bbcb-4dc3-4f1c-952e-6480d3603d9d,Olivia Garcia,26
d364f64b-3b6a-4b7b-9e6e-6f66651aa90f,David Martinez,41
e5019b21-694d-4abf-8ca2-0e70e2e65b4e,Sophia Brown,29
3c651dc5-97ee-4a75-b53c-9786c0f7c5fd,Joseph Wilson,33
b7ca57c7-3b81-4f0f-9927-2e5e3b3d1916,Emma Taylor,50
a17a876d-d748-41e9-91b1-6d3f7c308073,Christopher Davis,22
104456e8-2da9-4dfe-81a9-bf31635d4aa6,Madison Adams,25
6b31e2d3-76f8-4fbf-9ee3-89cc632f5628,Ethan Wilson,36
4e11b7b4-3a09-4280-a845-3c50ce25e39e,Isabella Rodriguez,30
7d3e2695-6d56-4b12-a97a-4b81347c40e9,Ryan Rodriguez,44
91eb1b63-5228-44d8-9e67-3f2e56d5a27d,Avery Thomas,27